{"cameraMode":{"drawMode":0,"name":"Shaded","section":"Shading Mode"},"sceneLighting":true,"audioPlay":false,"sceneViewState":{"showFog":true,"showMaterialUpdate":false,"showSkybox":true,"showFlares":true,"showImageEffects":true,"showParticleSystems":true},"in2DMode":false,"pivot":{"x":28.331531524658204,"y":11.66812801361084,"z":-163.72113037109376},"rotation":{"x":-0.00023618426348548383,"y":0.9987791180610657,"z":0.04917004331946373,"w":0.004795245360583067},"size":111.37511444091797,"orthographic":false}