{"cameraMode":{"drawMode":0,"name":"Shaded","section":"Shading Mode"},"sceneLighting":false,"audioPlay":false,"sceneViewState":{"showFog":true,"showMaterialUpdate":false,"showSkybox":false,"showFlares":true,"showImageEffects":true,"showParticleSystems":true},"in2DMode":false,"pivot":{"x":-0.08763748407363892,"y":10.710000038146973,"z":-1.7799999713897706},"rotation":{"x":-0.021573849022388459,"y":-0.5571304559707642,"z":0.014174818992614746,"w":-0.8302122354507446},"size":0.8200012445449829,"orthographic":false}