{"cameraMode":{"drawMode":0,"name":"Shaded","section":"Shading Mode"},"sceneLighting":false,"audioPlay":false,"sceneViewState":{"showFog":true,"showMaterialUpdate":false,"showSkybox":false,"showFlares":true,"showImageEffects":true,"showParticleSystems":true},"in2DMode":false,"pivot":{"x":0.33099365234375,"y":-0.8687744140625,"z":0.03515625},"rotation":{"x":-0.036295440047979358,"y":0.018583474680781366,"z":-0.0006984830251894891,"w":-0.9991862773895264},"size":7.488546371459961,"orthographic":true}