{"cameraMode":{"drawMode":0,"name":"Shaded","section":"Shading Mode"},"sceneLighting":false,"audioPlay":false,"sceneViewState":{"showFog":true,"showMaterialUpdate":false,"showSkybox":false,"showFlares":true,"showImageEffects":true,"showParticleSystems":true},"in2DMode":false,"pivot":{"x":-5.960464477539063e-8,"y":0.885063648223877,"z":-0.0069859325885772709},"rotation":{"x":-0.005349847488105297,"y":-0.9728682041168213,"z":0.2306775599718094,"w":-0.022445278242230417},"size":1.3752800226211548,"orthographic":false}