{"cameraMode":{"drawMode":0,"name":"Shaded","section":"Shading Mode"},"sceneLighting":true,"audioPlay":false,"sceneViewState":{"showFog":true,"showMaterialUpdate":false,"showSkybox":true,"showFlares":true,"showImageEffects":true,"showParticleSystems":true},"in2DMode":false,"pivot":{"x":566.4637451171875,"y":218.88446044921876,"z":266.00531005859377},"rotation":{"x":-0.0348023846745491,"y":0.005093746818602085,"z":-0.00019126517872791737,"w":-0.9993934035301209},"size":512.8506469726563,"orthographic":false}